BillNo,Discount 5%,Discount 12%,Discount 18%,Discount 28%
ZA8167,0,0,0,0
A8838,0,0,0,0
A9060,0,0,0,0
A9516,0,0,0,0
ZA8178,0,0,0,0
ZA8174,0,0,0,0
ZA8170,0,0,0,0
ZA8175,0,0,0,0
ZA8194,0,0,0,0
ZA8197,0,0,0,0
ZA8192,0,0,0,0
ZA8193,0,0,0,0
ZA8185,0,0,0,0
ZA8196,0,0,0,0
ZA8362,0,0,0,0
ZA8342,0,0,0,0
ZA8338,0,0,0,0
ZA8366,0,0,0,0
ZA8346,0,0,0,0
ZA8380,0,0,0,0
ZA8349,0,0,0,0
ZA8350,0,0,0,0
ZA8372,0,0,0,0
ZA8374,0,0,0,0
ZA8371,0,0,0,0
ZA8414,0,0,0,0
ZA8428,0,0,0,0
ZA8427,0,0,0,0
ZA8416,0,0,0,0
ZA8422,0,0,0,0
ZA8407,0,0,0,0
ZA8432,0,0,0,0
ZA8439,0,0,0,0
ZA8413,0,0,0,0
ZA8449,0,0,0,0
ZA8447,0,0,0,0
ZA8434,0,0,0,0
ZA8418,0,0,0,0
ZA8445,0,0,0,0
ZA8433,0,0,0,0
ZA8412,0,0,0,0
ZA8424,0,0,0,0
ZA8600,0,0,0,0
ZA8634,0,0,0,0
ZA8642,0,0,0,0
ZA8639,0,0,0,0
ZA8627,0,0,0,0
ZA8619,0,0,0,0
ZA8636,0,0,0,0
ZA8640,0,0,0,0
ZA8648,0,0,0,0
ZA8833,0,0,0,0
ZA8835,0,0,0,0
ZA8831,0,0,0,0
ZA8836,0,0,0,0
ZA8832,0,0,0,0
ZA8848,0,0,0,0
ZA8851,0,0,0,0
ZA8861,0,0,0,0
ZA8864,0,0,0,0
ZA8865,0,0,0,0
ZA8883,0,0,0,0
ZA8188,0,0,0,0
ZA8191,0,0,0,0
ZA8626,0,0,0,0
ZA8664,0,0,0,0
ZA8662,0,0,0,0
ZA8834,0,0,0,0
ZA8842,0,0,0,0
ZA8858,0,0,0,0
ZA8882,0,0,0,0
ZA8852,0,0,0,0
ZA8844,0,0,0,0
A7794,0,0,0,0
A7805,0,0,0,0
A7847,0,0,0,0
A7800,0,0,0,0
A7842,0,0,0,0
A7860,0,0,0,0
A7854,0,0,0,0
A7872,0,0,0,0
A7866,0,0,0,0
A7928,0,0,0,0
A7935,0,0,0,0
A7963,0,0,0,0
A7952,0,0,0,0
A7999,0,0,0,0
A7976,0,0,0,0
A8114,0,0,0,0
A8111,0,0,0,0
A8122,0,0,0,0
A8113,0,0,0,0
A8174,0,0,0,0
A8168,0,0,0,0
A8194,0,0,0,0
A8222,0,0,0,0
A8235,0,0,0,0
A8252,0,0,0,0
A8272,0,0,0,0
A8281,0,0,0,0
A8300,0,0,0,0
A8316,0,0,0,0
A8331,0,0,0,0
A8332,0,0,0,0
A8340,0,0,0,0
A8356,0,0,0,0
A8395,0,0,0,0
A8429,0,0,0,0
A8393,0,0,0,0
A8404,0,0,0,0
A8468,0,0,0,0
A8457,0,0,0,0
A8483,0,0,0,0
A8499,0,0,0,0
A8501,0,0,0,0
A8558,0,0,0,0
A8567,0,0,0,0
A8557,0,0,0,0
A8576,0,0,0,0
A8603,0,0,0,0
A8619,0,0,0,0
A8627,0,0,0,0
A8639,0,0,0,0
A8638,0,0,0,0
A8669,0,0,0,0
A8670,0,0,0,0
A8718,0,0,0,0
A8722,0,0,0,0
A8734,0,0,0,0
A8736,0,0,0,0
A8700,0,0,0,0
A8815,0,0,0,0
A8793,0,0,0,0
A8819,0,0,0,0
A8804,0,0,0,0
A8820,0,0,0,0
A8848,0,0,0,0
A8943,0,0,0,0
A8975,0,0,0,0
A8974,0,0,0,0
A8985,0,0,0,0
A8987,0,0,0,0
A9069,0,0,0,0
A9100,0,0,0,0
A9130,0,0,0,0
A9126,0,0,0,0
A9249,0,0,0,0
A9251,0,0,0,0
A9272,0,0,0,0
A9304,0,0,0,0
A9316,0,0,0,0
A9341,0,0,0,0
A9405,0,0,0,0
A9397,0,0,0,0
A9406,0,0,0,0
A9411,0,0,0,0
A9420,0,0,0,0
A9450,0,0,0,0
A9453,0,0,0,0
A9466,0,0,0,0
A9467,0,0,0,0
A9521,0,0,0,0
A9531,0,0,0,0
A9585,0,0,0,0
A9571,0,0,0,0
A9578,0,0,0,0
A9576,0,0,0,0
A7798,0,0,0,0
A7788,0,0,0,0
A7793,0,0,0,0
A7787,0,0,0,0
A7797,0,0,0,0
A7795,0,0,0,0
A7790,0,0,0,0
A7785,0,0,0,0
A7786,0,0,0,0
A7784,0,0,0,0
A7796,0,0,0,0
A7815,0,0,0,0
A7837,0,0,0,0
A7811,0,0,0,0
A7820,0,0,0,0
A7813,0,0,0,0
A7830,0,0,0,0
A7818,0,0,0,0
A7801,0,0,0,0
A7812,0,0,0,0
A7833,0,0,0,0
A7824,0,0,0,0
A7838,0,0,0,0
A7836,0,0,0,0
A7822,0,0,0,0
A7846,0,0,0,0
A7823,0,0,0,0
A7799,0,0,0,0
A7835,0,0,0,0
A7814,0,0,0,0
A7840,0,0,0,0
A7808,0,0,0,0
A7803,0,0,0,0
A7810,0,0,0,0
A7802,0,0,0,0
A7831,0,0,0,0
A7821,0,0,0,0
A7832,0,0,0,0
A7807,0,0,0,0
A7806,0,0,0,0
A7819,0,0,0,0
A7804,0,0,0,0
A7825,0,0,0,0
A7817,0,0,0,0
A7828,0,0,0,0
A7834,0,0,0,0
A7816,0,0,0,0
A7843,0,0,0,0
A7827,0,0,0,0
A7839,0,0,0,0
A7809,0,0,0,0
A7826,0,0,0,0
A7845,0,0,0,0
A7829,0,0,0,0
A7844,0,0,0,0
A7861,0,0,0,0
A7853,0,0,0,0
A7850,0,0,0,0
A7859,0,0,0,0
A7852,0,0,0,0
A7849,0,0,0,0
A7855,0,0,0,0
A7857,0,0,0,0
A7848,0,0,0,0
A7858,0,0,0,0
A7851,0,0,0,0
A7856,0,0,0,0
A7868,0,0,0,0
A7864,0,0,0,0
A7870,0,0,0,0
A7871,0,0,0,0
A7887,0,0,0,0
A7886,0,0,0,0
A7881,0,0,0,0
A7867,0,0,0,0
A7878,0,0,0,0
A7869,0,0,0,0
A7874,0,0,0,0
A7880,0,0,0,0
A7885,0,0,0,0
A7863,0,0,0,0
A7877,0,0,0,0
A7875,0,0,0,0
A7865,0,0,0,0
A7862,0,0,0,0
A7873,0,0,0,0
A7879,0,0,0,0
A7883,0,0,0,0
A7884,0,0,0,0
A7876,0,0,0,0
A7882,0,0,0,0
A7927,0,0,0,0
A7897,0,0,0,0
A7889,0,0,0,0
A7923,0,0,0,0
A7933,0,0,0,0
A7914,0,0,0,0
A7915,0,0,0,0
A7903,0,0,0,0
A7904,0,0,0,0
A7899,0,0,0,0
A7920,0,0,0,0
A7919,0,0,0,0
A7900,0,0,0,0
A7905,0,0,0,0
A7896,0,0,0,0
A7892,0,0,0,0
A7912,0,0,0,0
A7925,0,0,0,0
A7931,0,0,0,0
A7901,0,0,0,0
A7932,0,0,0,0
A7891,0,0,0,0
A7902,0,0,0,0
A7898,0,0,0,0
A7930,0,0,0,0
A7911,0,0,0,0
A7917,0,0,0,0
A7909,0,0,0,0
A7924,0,0,0,0
A7921,0,0,0,0
A7907,0,0,0,0
A7895,0,0,0,0
A7910,0,0,0,0
A7913,0,0,0,0
A7890,0,0,0,0
A7918,0,0,0,0
A7893,0,0,0,0
A7929,0,0,0,0
A7922,0,0,0,0
A7926,0,0,0,0
A7894,0,0,0,0
A7908,0,0,0,0
A7906,0,0,0,0
A7938,0,0,0,0
A7936,0,0,0,0
A7940,0,0,0,0
A7939,0,0,0,0
A7943,0,0,0,0
A7941,0,0,0,0
A7942,0,0,0,0
A7937,0,0,0,0
A7934,0,0,0,0
A7945,0,0,0,0
A7957,0,0,0,0
A7947,0,0,0,0
A7949,0,0,0,0
A7961,0,0,0,0
A7962,0,0,0,0
A7956,0,0,0,0
A7951,0,0,0,0
A7960,0,0,0,0
A7946,0,0,0,0
A7965,0,0,0,0
A7964,0,0,0,0
A7950,0,0,0,0
A7954,0,0,0,0
A7948,0,0,0,0
A7953,0,0,0,0
A7958,0,0,0,0
A7959,0,0,0,0
A7955,0,0,0,0
A8001,0,0,0,0
A7968,0,0,0,0
A8010,0,0,0,0
A8006,0,0,0,0
A7989,0,0,0,0
A8005,0,0,0,0
A7978,0,0,0,0
A7985,0,0,0,0
A7994,0,0,0,0
A7974,0,0,0,0
A8002,0,0,0,0
A7973,0,0,0,0
A7970,0,0,0,0
A7996,0,0,0,0
A7977,0,0,0,0
A7993,0,0,0,0
A7990,0,0,0,0
A7984,0,0,0,0
A7972,0,0,0,0
A7987,0,0,0,0
A8000,0,0,0,0
A7979,0,0,0,0
A7971,0,0,0,0
A7982,0,0,0,0
A7967,0,0,0,0
A7995,0,0,0,0
A7998,0,0,0,0
A7969,0,0,0,0
A8008,0,0,0,0
A8007,0,0,0,0
A7966,0,0,0,0
A7991,0,0,0,0
A7981,0,0,0,0
A7975,0,0,0,0
A7980,0,0,0,0
A7997,0,0,0,0
A8009,0,0,0,0
A7992,0,0,0,0
A7988,0,0,0,0
A7986,0,0,0,0
A8004,0,0,0,0
A8003,0,0,0,0
A8014,0,0,0,0
A8021,0,0,0,0
A8013,0,0,0,0
A8015,0,0,0,0
A8016,0,0,0,0
A8018,0,0,0,0
A8012,0,0,0,0
A8022,0,0,0,0
A8020,0,0,0,0
A8019,0,0,0,0
A8017,0,0,0,0
A8024,0,0,0,0
A8011,0,0,0,0
A8023,0,0,0,0
A8031,0,0,0,0
A8027,0,0,0,0
A8033,0,0,0,0
A8030,0,0,0,0
A8028,0,0,0,0
A8025,0,0,0,0
A8029,0,0,0,0
A8043,0,0,0,0
A8035,0,0,0,0
A8037,0,0,0,0
A8038,0,0,0,0
A8032,0,0,0,0
A8036,0,0,0,0
A8040,0,0,0,0
A8039,0,0,0,0
A8042,0,0,0,0
A8041,0,0,0,0
A8034,0,0,0,0
A8026,0,0,0,0
A8062,0,0,0,0
A8070,0,0,0,0
A8052,0,0,0,0
A8063,0,0,0,0
A8061,0,0,0,0
A8093,0,0,0,0
A8075,0,0,0,0
A8094,0,0,0,0
A8067,0,0,0,0
A8091,0,0,0,0
A8095,0,0,0,0
A8060,0,0,0,0
A8096,0,0,0,0
A8087,0,0,0,0
A8092,0,0,0,0
A8046,0,0,0,0
A8082,0,0,0,0
A8049,0,0,0,0
A8059,0,0,0,0
A8053,0,0,0,0
A8099,0,0,0,0
A8054,0,0,0,0
A8058,0,0,0,0
A8045,0,0,0,0
A8084,0,0,0,0
A8055,0,0,0,0
A8065,0,0,0,0
A8089,0,0,0,0
A8101,0,0,0,0
A8080,0,0,0,0
A8077,0,0,0,0
A8076,0,0,0,0
A8074,0,0,0,0
A8069,0,0,0,0
A8044,0,0,0,0
A8083,0,0,0,0
A8100,0,0,0,0
A8085,0,0,0,0
A8068,0,0,0,0
A8066,0,0,0,0
A8090,0,0,0,0
A8048,0,0,0,0
A8072,0,0,0,0
A8098,0,0,0,0
A8102,0,0,0,0
A8071,0,0,0,0
A8073,0,0,0,0
A8079,0,0,0,0
A8064,0,0,0,0
A8078,0,0,0,0
A8057,0,0,0,0
A8081,0,0,0,0
A8056,0,0,0,0
A8086,0,0,0,0
A8050,0,0,0,0
A8103,0,0,0,0
A8088,0,0,0,0
A8051,0,0,0,0
A8097,0,0,0,0
A8121,0,0,0,0
A8119,0,0,0,0
A8109,0,0,0,0
A8118,0,0,0,0
A8112,0,0,0,0
A8107,0,0,0,0
A8105,0,0,0,0
A8108,0,0,0,0
A8123,0,0,0,0
A8117,0,0,0,0
A8110,0,0,0,0
A8106,0,0,0,0
A8104,0,0,0,0
A8120,0,0,0,0
A8124,0,0,0,0
A8115,0,0,0,0
A8116,0,0,0,0
A8134,0,0,0,0
A8128,0,0,0,0
A8133,0,0,0,0
A8125,0,0,0,0
A8135,0,0,0,0
A8129,0,0,0,0
A8131,0,0,0,0
A8127,0,0,0,0
A8130,0,0,0,0
A8132,0,0,0,0
A8126,0,0,0,0
A8149,0,0,0,0
A8136,0,0,0,0
A8171,0,0,0,0
A8157,0,0,0,0
A8161,0,0,0,0
A8159,0,0,0,0
A8162,0,0,0,0
A8160,0,0,0,0
A8175,0,0,0,0
A8152,0,0,0,0
A8151,0,0,0,0
A8165,0,0,0,0
A8148,0,0,0,0
A8140,0,0,0,0
A8141,0,0,0,0
A8139,0,0,0,0
A8150,0,0,0,0
A8166,0,0,0,0
A8154,0,0,0,0
A8143,0,0,0,0
A8167,0,0,0,0
A8145,0,0,0,0
A8177,0,0,0,0
A8169,0,0,0,0
A8138,0,0,0,0
A8158,0,0,0,0
A8163,0,0,0,0
A8146,0,0,0,0
A8137,0,0,0,0
A8178,0,0,0,0
A8142,0,0,0,0
A8156,0,0,0,0
A8172,0,0,0,0
A8173,0,0,0,0
A8155,0,0,0,0
A8170,0,0,0,0
A8147,0,0,0,0
A8144,0,0,0,0
A8164,0,0,0,0
A8153,0,0,0,0
A8176,0,0,0,0
A8196,0,0,0,0
A8200,0,0,0,0
A8202,0,0,0,0
A8201,0,0,0,0
A8188,0,0,0,0
A8199,0,0,0,0
A8205,0,0,0,0
A8186,0,0,0,0
A8187,0,0,0,0
A8182,0,0,0,0
A8179,0,0,0,0
A8180,0,0,0,0
A8183,0,0,0,0
A8181,0,0,0,0
A8192,0,0,0,0
A8191,0,0,0,0
A8184,0,0,0,0
A8190,0,0,0,0
A8197,0,0,0,0
A8198,0,0,0,0
A8189,0,0,0,0
A8185,0,0,0,0
A8195,0,0,0,0
A8204,0,0,0,0
A8193,0,0,0,0
A8203,0,0,0,0
A8221,0,0,0,0
A8224,0,0,0,0
A8210,0,0,0,0
A8230,0,0,0,0
A8229,0,0,0,0
A8228,0,0,0,0
A8208,0,0,0,0
A8220,0,0,0,0
A8213,0,0,0,0
A8206,0,0,0,0
A8207,0,0,0,0
A8223,0,0,0,0
A8218,0,0,0,0
A8226,0,0,0,0
A8225,0,0,0,0
A8211,0,0,0,0
A8216,0,0,0,0
A8231,0,0,0,0
A8217,0,0,0,0
A8212,0,0,0,0
A8227,0,0,0,0
A8219,0,0,0,0
A8214,0,0,0,0
A8255,0,0,0,0
A8238,0,0,0,0
A8258,0,0,0,0
A8243,0,0,0,0
A8259,0,0,0,0
A8269,0,0,0,0
A8233,0,0,0,0
A8271,0,0,0,0
A8244,0,0,0,0
A8257,0,0,0,0
A8248,0,0,0,0
A8247,0,0,0,0
A8237,0,0,0,0
A8251,0,0,0,0
A8253,0,0,0,0
A8232,0,0,0,0
A8256,0,0,0,0
A8260,0,0,0,0
A8240,0,0,0,0
A8264,0,0,0,0
A8239,0,0,0,0
A8268,0,0,0,0
A8242,0,0,0,0
A8249,0,0,0,0
A8245,0,0,0,0
A8262,0,0,0,0
A8270,0,0,0,0
A8267,0,0,0,0
A8254,0,0,0,0
A8234,0,0,0,0
A8241,0,0,0,0
A8236,0,0,0,0
A8263,0,0,0,0
A8273,0,0,0,0
A8246,0,0,0,0
A8261,0,0,0,0
A8265,0,0,0,0
A8250,0,0,0,0
A8266,0,0,0,0
A8274,0,0,0,0
A8285,0,0,0,0
A8282,0,0,0,0
A8283,0,0,0,0
A8278,0,0,0,0
A8284,0,0,0,0
A8279,0,0,0,0
A8280,0,0,0,0
A8286,0,0,0,0
A8276,0,0,0,0
A8275,0,0,0,0
A8277,0,0,0,0
A8288,0,0,0,0
A8294,0,0,0,0
A8296,0,0,0,0
A8290,0,0,0,0
A8298,0,0,0,0
A8287,0,0,0,0
A8291,0,0,0,0
A8292,0,0,0,0
A8295,0,0,0,0
A8297,0,0,0,0
A8293,0,0,0,0
A8299,0,0,0,0
A8301,0,0,0,0
A8314,0,0,0,0
A8312,0,0,0,0
A8307,0,0,0,0
A8305,0,0,0,0
A8338,0,0,0,0
A8308,0,0,0,0
A8330,0,0,0,0
A8335,0,0,0,0
A8313,0,0,0,0
A8320,0,0,0,0
A8323,0,0,0,0
A8310,0,0,0,0
A8309,0,0,0,0
A8306,0,0,0,0
A8325,0,0,0,0
A8326,0,0,0,0
A8321,0,0,0,0
A8341,0,0,0,0
A8334,0,0,0,0
A8342,0,0,0,0
A8343,0,0,0,0
A8311,0,0,0,0
A8302,0,0,0,0
A8318,0,0,0,0
A8324,0,0,0,0
A8317,0,0,0,0
A8327,0,0,0,0
A8337,0,0,0,0
A8322,0,0,0,0
A8336,0,0,0,0
A8339,0,0,0,0
A8303,0,0,0,0
A8344,0,0,0,0
A8333,0,0,0,0
A8304,0,0,0,0
A8346,0,0,0,0
A8345,0,0,0,0
A8329,0,0,0,0
A8319,0,0,0,0
A8328,0,0,0,0
A8315,0,0,0,0
A8353,0,0,0,0
A8348,0,0,0,0
A8352,0,0,0,0
A8360,0,0,0,0
A8350,0,0,0,0
A8366,0,0,0,0
A8367,0,0,0,0
A8365,0,0,0,0
A8359,0,0,0,0
A8347,0,0,0,0
A8351,0,0,0,0
A8361,0,0,0,0
A8363,0,0,0,0
A8364,0,0,0,0
A8357,0,0,0,0
A8349,0,0,0,0
A8354,0,0,0,0
A8355,0,0,0,0
A8362,0,0,0,0
A8389,0,0,0,0
A8375,0,0,0,0
A8379,0,0,0,0
A8378,0,0,0,0
A8369,0,0,0,0
A8368,0,0,0,0
A8371,0,0,0,0
A8388,0,0,0,0
A8387,0,0,0,0
A8374,0,0,0,0
A8386,0,0,0,0
A8376,0,0,0,0
A8391,0,0,0,0
A8383,0,0,0,0
A8377,0,0,0,0
A8392,0,0,0,0
A8380,0,0,0,0
A8372,0,0,0,0
A8385,0,0,0,0
A8384,0,0,0,0
A8390,0,0,0,0
A8382,0,0,0,0
A8370,0,0,0,0
A8381,0,0,0,0
A8373,0,0,0,0
A8406,0,0,0,0
A8402,0,0,0,0
A8422,0,0,0,0
A8398,0,0,0,0
A8423,0,0,0,0
A8425,0,0,0,0
A8410,0,0,0,0
A8418,0,0,0,0
A8428,0,0,0,0
A8396,0,0,0,0
A8401,0,0,0,0
A8405,0,0,0,0
A8394,0,0,0,0
A8412,0,0,0,0
A8399,0,0,0,0
A8430,0,0,0,0
A8414,0,0,0,0
A8426,0,0,0,0
A8403,0,0,0,0
A8415,0,0,0,0
A8424,0,0,0,0
A8409,0,0,0,0
A8411,0,0,0,0
A8416,0,0,0,0
A8427,0,0,0,0
A8413,0,0,0,0
A8408,0,0,0,0
A8407,0,0,0,0
A8417,0,0,0,0
A8421,0,0,0,0
A8419,0,0,0,0
A8397,0,0,0,0
A8400,0,0,0,0
A8420,0,0,0,0
A8441,0,0,0,0
A8442,0,0,0,0
A8433,0,0,0,0
A8434,0,0,0,0
A8431,0,0,0,0
A8437,0,0,0,0
A8435,0,0,0,0
A8438,0,0,0,0
A8440,0,0,0,0
A8436,0,0,0,0
A8443,0,0,0,0
A8439,0,0,0,0
A8432,0,0,0,0
A8450,0,0,0,0
A8453,0,0,0,0
A8454,0,0,0,0
A8445,0,0,0,0
A8451,0,0,0,0
A8444,0,0,0,0
A8455,0,0,0,0
A8446,0,0,0,0
A8449,0,0,0,0
A8452,0,0,0,0
A8448,0,0,0,0
A8447,0,0,0,0
A8456,0,0,0,0
A8467,0,0,0,0
A8463,0,0,0,0
A8464,0,0,0,0
A8484,0,0,0,0
A8491,0,0,0,0
A8498,0,0,0,0
A8495,0,0,0,0
A8497,0,0,0,0
A8469,0,0,0,0
A8458,0,0,0,0
A8472,0,0,0,0
A8479,0,0,0,0
A8494,0,0,0,0
A8459,0,0,0,0
A8493,0,0,0,0
A8470,0,0,0,0
A8461,0,0,0,0
A8485,0,0,0,0
A8466,0,0,0,0
A8489,0,0,0,0
A8486,0,0,0,0
A8480,0,0,0,0
A8462,0,0,0,0
A8471,0,0,0,0
A8496,0,0,0,0
A8488,0,0,0,0
A8460,0,0,0,0
A8482,0,0,0,0
A8481,0,0,0,0
A8473,0,0,0,0
A8476,0,0,0,0
A8477,0,0,0,0
A8465,0,0,0,0
A8474,0,0,0,0
A8492,0,0,0,0
A8490,0,0,0,0
A8475,0,0,0,0
A8487,0,0,0,0
A8510,0,0,0,0
A8514,0,0,0,0
A8506,0,0,0,0
A8500,0,0,0,0
A8511,0,0,0,0
A8504,0,0,0,0
A8513,0,0,0,0
A8515,0,0,0,0
A8505,0,0,0,0
A8503,0,0,0,0
A8509,0,0,0,0
A8508,0,0,0,0
A8507,0,0,0,0
A8502,0,0,0,0
A8516,0,0,0,0
A8512,0,0,0,0
A8524,0,0,0,0
A8528,0,0,0,0
A8517,0,0,0,0
A8523,0,0,0,0
A8531,0,0,0,0
A8529,0,0,0,0
A8525,0,0,0,0
A8530,0,0,0,0
A8526,0,0,0,0
A8522,0,0,0,0
A8527,0,0,0,0
A8521,0,0,0,0
A8532,0,0,0,0
A8520,0,0,0,0
A8519,0,0,0,0
A8518,0,0,0,0
A8534,0,0,0,0
A8541,0,0,0,0
A8566,0,0,0,0
A8540,0,0,0,0
A8583,0,0,0,0
A8536,0,0,0,0
A8575,0,0,0,0
A8553,0,0,0,0
A8571,0,0,0,0
A8573,0,0,0,0
A8580,0,0,0,0
A8537,0,0,0,0
A8577,0,0,0,0
A8545,0,0,0,0
A8560,0,0,0,0
A8559,0,0,0,0
A8565,0,0,0,0
A8547,0,0,0,0
A8535,0,0,0,0
A8544,0,0,0,0
A8543,0,0,0,0
A8568,0,0,0,0
A8581,0,0,0,0
A8569,0,0,0,0
A8561,0,0,0,0
A8551,0,0,0,0
A8578,0,0,0,0
A8550,0,0,0,0
A8582,0,0,0,0
A8579,0,0,0,0
A8555,0,0,0,0
A8552,0,0,0,0
A8539,0,0,0,0
A8564,0,0,0,0
A8563,0,0,0,0
A8584,0,0,0,0
A8538,0,0,0,0
A8549,0,0,0,0
A8546,0,0,0,0
A8548,0,0,0,0
A8554,0,0,0,0
A8574,0,0,0,0
A8542,0,0,0,0
A8570,0,0,0,0
A8562,0,0,0,0
A8572,0,0,0,0
A8595,0,0,0,0
A8596,0,0,0,0
A8587,0,0,0,0
A8597,0,0,0,0
A8599,0,0,0,0
A8594,0,0,0,0
A8590,0,0,0,0
A8592,0,0,0,0
A8589,0,0,0,0
A8598,0,0,0,0
A8586,0,0,0,0
A8593,0,0,0,0
A8591,0,0,0,0
A8588,0,0,0,0
A8600,0,0,0,0
A8605,0,0,0,0
A8606,0,0,0,0
A8608,0,0,0,0
A8601,0,0,0,0
A8607,0,0,0,0
A8609,0,0,0,0
A8604,0,0,0,0
A8610,0,0,0,0
A8602,0,0,0,0
A8654,0,0,0,0
A8622,0,0,0,0
A8625,0,0,0,0
A8624,0,0,0,0
A8646,0,0,0,0
A8640,0,0,0,0
A8656,0,0,0,0
A8655,0,0,0,0
A8612,0,0,0,0
A8614,0,0,0,0
A8615,0,0,0,0
A8649,0,0,0,0
A8653,0,0,0,0
A8650,0,0,0,0
A8617,0,0,0,0
A8645,0,0,0,0
A8616,0,0,0,0
A8626,0,0,0,0
A8633,0,0,0,0
A8643,0,0,0,0
A8637,0,0,0,0
A8641,0,0,0,0
A8657,0,0,0,0
A8611,0,0,0,0
A8632,0,0,0,0
A8635,0,0,0,0
A8618,0,0,0,0
A8658,0,0,0,0
A8630,0,0,0,0
A8621,0,0,0,0
A8642,0,0,0,0
A8648,0,0,0,0
A8629,0,0,0,0
A8623,0,0,0,0
A8631,0,0,0,0
A8628,0,0,0,0
A8651,0,0,0,0
A8647,0,0,0,0
A8636,0,0,0,0
A8620,0,0,0,0
A8634,0,0,0,0
A8652,0,0,0,0
A8661,0,0,0,0
A8660,0,0,0,0
A8662,0,0,0,0
A8665,0,0,0,0
A8663,0,0,0,0
A8667,0,0,0,0
A8664,0,0,0,0
A8666,0,0,0,0
A8659,0,0,0,0
A8692,0,0,0,0
A8672,0,0,0,0
A8679,0,0,0,0
A8673,0,0,0,0
A8678,0,0,0,0
A8681,0,0,0,0
A8690,0,0,0,0
A8693,0,0,0,0
A8680,0,0,0,0
A8695,0,0,0,0
A8683,0,0,0,0
A8694,0,0,0,0
A8685,0,0,0,0
A8668,0,0,0,0
A8674,0,0,0,0
A8688,0,0,0,0
A8677,0,0,0,0
A8675,0,0,0,0
A8682,0,0,0,0
A8691,0,0,0,0
A8687,0,0,0,0
A8671,0,0,0,0
A8689,0,0,0,0
A8684,0,0,0,0
A8676,0,0,0,0
A8686,0,0,0,0
A8711,0,0,0,0
A8698,0,0,0,0
A8706,0,0,0,0
A8703,0,0,0,0
A8723,0,0,0,0
A8733,0,0,0,0
A8741,0,0,0,0
A8702,0,0,0,0
A8704,0,0,0,0
A8725,0,0,0,0
A8737,0,0,0,0
A8709,0,0,0,0
A8713,0,0,0,0
A8708,0,0,0,0
A8710,0,0,0,0
A8701,0,0,0,0
A8730,0,0,0,0
A8739,0,0,0,0
A8738,0,0,0,0
A8735,0,0,0,0
A8696,0,0,0,0
A8720,0,0,0,0
A8707,0,0,0,0
A8721,0,0,0,0
A8717,0,0,0,0
A8699,0,0,0,0
A8697,0,0,0,0
A8726,0,0,0,0
A8724,0,0,0,0
A8727,0,0,0,0
A8714,0,0,0,0
A8705,0,0,0,0
A8715,0,0,0,0
A8716,0,0,0,0
A8712,0,0,0,0
A8731,0,0,0,0
A8728,0,0,0,0
A8729,0,0,0,0
A8732,0,0,0,0
A8740,0,0,0,0
A8746,0,0,0,0
A8748,0,0,0,0
A8750,0,0,0,0
A8756,0,0,0,0
A8747,0,0,0,0
A8749,0,0,0,0
A8753,0,0,0,0
A8758,0,0,0,0
A8742,0,0,0,0
A8754,0,0,0,0
A8755,0,0,0,0
A8751,0,0,0,0
A8752,0,0,0,0
A8743,0,0,0,0
A8744,0,0,0,0
A8745,0,0,0,0
A8757,0,0,0,0
A8778,0,0,0,0
A8770,0,0,0,0
A8768,0,0,0,0
A8776,0,0,0,0
A8764,0,0,0,0
A8780,0,0,0,0
A8759,0,0,0,0
A8763,0,0,0,0
A8781,0,0,0,0
A8761,0,0,0,0
A8774,0,0,0,0
A8782,0,0,0,0
A8777,0,0,0,0
A8769,0,0,0,0
A8771,0,0,0,0
A8762,0,0,0,0
A8767,0,0,0,0
A8779,0,0,0,0
A8760,0,0,0,0
A8775,0,0,0,0
A8772,0,0,0,0
A8773,0,0,0,0
A8766,0,0,0,0
A8765,0,0,0,0
A8800,0,0,0,0
A8809,0,0,0,0
A8792,0,0,0,0
A8803,0,0,0,0
A8807,0,0,0,0
A8789,0,0,0,0
A8784,0,0,0,0
A8816,0,0,0,0
A8797,0,0,0,0
A8790,0,0,0,0
A8802,0,0,0,0
A8787,0,0,0,0
A8799,0,0,0,0
A8808,0,0,0,0
A8798,0,0,0,0
A8813,0,0,0,0
A8783,0,0,0,0
A8786,0,0,0,0
A8795,0,0,0,0
A8794,0,0,0,0
A8810,0,0,0,0
A8811,0,0,0,0
A8791,0,0,0,0
A8806,0,0,0,0
A8805,0,0,0,0
A8785,0,0,0,0
A8812,0,0,0,0
A8801,0,0,0,0
A8788,0,0,0,0
A8814,0,0,0,0
A8796,0,0,0,0
A8817,0,0,0,0
A8818,0,0,0,0
A8825,0,0,0,0
A8822,0,0,0,0
A8835,0,0,0,0
A8824,0,0,0,0
A8826,0,0,0,0
A8828,0,0,0,0
A8821,0,0,0,0
A8833,0,0,0,0
A8842,0,0,0,0
A8837,0,0,0,0
A8829,0,0,0,0
A8831,0,0,0,0
A8841,0,0,0,0
A8839,0,0,0,0
A8834,0,0,0,0
A8840,0,0,0,0
A8827,0,0,0,0
A8830,0,0,0,0
A8836,0,0,0,0
A8832,0,0,0,0
A8855,0,0,0,0
A8852,0,0,0,0
A8861,0,0,0,0
A8857,0,0,0,0
A8849,0,0,0,0
A8846,0,0,0,0
A8864,0,0,0,0
A8851,0,0,0,0
A8858,0,0,0,0
A8853,0,0,0,0
A8843,0,0,0,0
A8863,0,0,0,0
A8856,0,0,0,0
A8862,0,0,0,0
A8844,0,0,0,0
A8850,0,0,0,0
A8847,0,0,0,0
A8845,0,0,0,0
A8854,0,0,0,0
A8859,0,0,0,0
A8865,0,0,0,0
A8866,0,0,0,0
A8860,0,0,0,0
A8885,0,0,0,0
A8898,0,0,0,0
A8881,0,0,0,0
A8896,0,0,0,0
A8891,0,0,0,0
A8871,0,0,0,0
A8883,0,0,0,0
A8892,0,0,0,0
A8879,0,0,0,0
A8876,0,0,0,0
A8872,0,0,0,0
A8902,0,0,0,0
A8877,0,0,0,0
A8878,0,0,0,0
A8904,0,0,0,0
A8897,0,0,0,0
A8874,0,0,0,0
A8893,0,0,0,0
A8907,0,0,0,0
A8882,0,0,0,0
A8889,0,0,0,0
A8888,0,0,0,0
A8867,0,0,0,0
A8914,0,0,0,0
A8901,0,0,0,0
A8906,0,0,0,0
A8890,0,0,0,0
A8880,0,0,0,0
A8910,0,0,0,0
A8875,0,0,0,0
A8894,0,0,0,0
A8868,0,0,0,0
A8912,0,0,0,0
A8908,0,0,0,0
A8905,0,0,0,0
A8900,0,0,0,0
A8911,0,0,0,0
A8899,0,0,0,0
A8870,0,0,0,0
A8895,0,0,0,0
A8903,0,0,0,0
A8913,0,0,0,0
A8873,0,0,0,0
A8886,0,0,0,0
A8887,0,0,0,0
A8869,0,0,0,0
A8884,0,0,0,0
A8909,0,0,0,0
A8916,0,0,0,0
A8919,0,0,0,0
A8922,0,0,0,0
A8921,0,0,0,0
A8915,0,0,0,0
A8917,0,0,0,0
A8920,0,0,0,0
A8923,0,0,0,0
A8918,0,0,0,0
A8924,0,0,0,0
A8954,0,0,0,0
A8965,0,0,0,0
A8950,0,0,0,0
A8956,0,0,0,0
A8964,0,0,0,0
A8961,0,0,0,0
A8936,0,0,0,0
A8958,0,0,0,0
A8935,0,0,0,0
A8938,0,0,0,0
A8925,0,0,0,0
A8929,0,0,0,0
A8946,0,0,0,0
A8926,0,0,0,0
A8930,0,0,0,0
A8957,0,0,0,0
A8942,0,0,0,0
A8948,0,0,0,0
A8934,0,0,0,0
A8931,0,0,0,0
A8949,0,0,0,0
A8966,0,0,0,0
A8959,0,0,0,0
A8951,0,0,0,0
A8928,0,0,0,0
A8933,0,0,0,0
A8932,0,0,0,0
A8962,0,0,0,0
A8937,0,0,0,0
A8955,0,0,0,0
A8963,0,0,0,0
A8945,0,0,0,0
A8940,0,0,0,0
A8939,0,0,0,0
A8968,0,0,0,0
A8947,0,0,0,0
A8941,0,0,0,0
A8927,0,0,0,0
A8953,0,0,0,0
A8967,0,0,0,0
A8952,0,0,0,0
A8979,0,0,0,0
A8972,0,0,0,0
A8973,0,0,0,0
A8971,0,0,0,0
A8977,0,0,0,0
A8970,0,0,0,0
A8981,0,0,0,0
A8976,0,0,0,0
A8969,0,0,0,0
A8980,0,0,0,0
A8978,0,0,0,0
A8982,0,0,0,0
A9005,0,0,0,0
A8984,0,0,0,0
A9000,0,0,0,0
A8990,0,0,0,0
A8992,0,0,0,0
A8991,0,0,0,0
A9009,0,0,0,0
A8988,0,0,0,0
A8993,0,0,0,0
A8983,0,0,0,0
A8986,0,0,0,0
A9010,0,0,0,0
A9002,0,0,0,0
A9008,0,0,0,0
A8996,0,0,0,0
A9011,0,0,0,0
A9006,0,0,0,0
A9001,0,0,0,0
A8995,0,0,0,0
A9007,0,0,0,0
A9013,0,0,0,0
A9003,0,0,0,0
A9012,0,0,0,0
A8997,0,0,0,0
A8998,0,0,0,0
A8989,0,0,0,0
A8994,0,0,0,0
A8999,0,0,0,0
A9004,0,0,0,0
A9039,0,0,0,0
A9023,0,0,0,0
A9031,0,0,0,0
A9018,0,0,0,0
A9054,0,0,0,0
A9048,0,0,0,0
A9049,0,0,0,0
A9046,0,0,0,0
A9032,0,0,0,0
A9034,0,0,0,0
A9044,0,0,0,0
A9047,0,0,0,0
A9055,0,0,0,0
A9016,0,0,0,0
A9028,0,0,0,0
A9059,0,0,0,0
A9030,0,0,0,0
A9019,0,0,0,0
A9027,0,0,0,0
A9042,0,0,0,0
A9021,0,0,0,0
A9037,0,0,0,0
A9024,0,0,0,0
A9053,0,0,0,0
A9014,0,0,0,0
A9041,0,0,0,0
A9022,0,0,0,0
A9029,0,0,0,0
A9061,0,0,0,0
A9015,0,0,0,0
A9033,0,0,0,0
A9026,0,0,0,0
A9043,0,0,0,0
A9056,0,0,0,0
A9025,0,0,0,0
A9057,0,0,0,0
A9035,0,0,0,0
A9038,0,0,0,0
A9045,0,0,0,0
A9052,0,0,0,0
A9017,0,0,0,0
A9050,0,0,0,0
A9036,0,0,0,0
A9051,0,0,0,0
A9066,0,0,0,0
A9064,0,0,0,0
A9063,0,0,0,0
A9065,0,0,0,0
A9062,0,0,0,0
A9079,0,0,0,0
A9075,0,0,0,0
A9078,0,0,0,0
A9068,0,0,0,0
A9071,0,0,0,0
A9076,0,0,0,0
A9080,0,0,0,0
A9074,0,0,0,0
A9072,0,0,0,0
A9077,0,0,0,0
A9073,0,0,0,0
A9070,0,0,0,0
A9067,0,0,0,0
A9081,0,0,0,0
A9082,0,0,0,0
A9092,0,0,0,0
A9088,0,0,0,0
A9085,0,0,0,0
A9083,0,0,0,0
A9111,0,0,0,0
A9084,0,0,0,0
A9102,0,0,0,0
A9086,0,0,0,0
A9090,0,0,0,0
A9089,0,0,0,0
A9104,0,0,0,0
A9097,0,0,0,0
A9095,0,0,0,0
A9112,0,0,0,0
A9094,0,0,0,0
A9096,0,0,0,0
A9108,0,0,0,0
A9105,0,0,0,0
A9098,0,0,0,0
A9103,0,0,0,0
A9106,0,0,0,0
A9091,0,0,0,0
A9093,0,0,0,0
A9099,0,0,0,0
A9087,0,0,0,0
A9101,0,0,0,0
A9107,0,0,0,0
A9109,0,0,0,0
A9110,0,0,0,0
A9120,0,0,0,0
A9115,0,0,0,0
A9118,0,0,0,0
A9119,0,0,0,0
A9113,0,0,0,0
A9121,0,0,0,0
A9117,0,0,0,0
A9114,0,0,0,0
A9125,0,0,0,0
A9134,0,0,0,0
A9123,0,0,0,0
A9132,0,0,0,0
A9151,0,0,0,0
A9138,0,0,0,0
A9153,0,0,0,0
A9148,0,0,0,0
A9150,0,0,0,0
A9122,0,0,0,0
A9128,0,0,0,0
A9143,0,0,0,0
A9145,0,0,0,0
A9135,0,0,0,0
A9139,0,0,0,0
A9131,0,0,0,0
A9124,0,0,0,0
A9144,0,0,0,0
A9146,0,0,0,0
A9154,0,0,0,0
A9137,0,0,0,0
A9149,0,0,0,0
A9140,0,0,0,0
A9155,0,0,0,0
A9136,0,0,0,0
A9129,0,0,0,0
A9152,0,0,0,0
A9147,0,0,0,0
A9142,0,0,0,0
A9141,0,0,0,0
A9127,0,0,0,0
A9156,0,0,0,0
A9169,0,0,0,0
A9157,0,0,0,0
A9167,0,0,0,0
A9165,0,0,0,0
A9166,0,0,0,0
A9161,0,0,0,0
A9168,0,0,0,0
A9164,0,0,0,0
A9158,0,0,0,0
A9163,0,0,0,0
A9160,0,0,0,0
A9159,0,0,0,0
A9162,0,0,0,0
A9170,0,0,0,0
A9182,0,0,0,0
A9181,0,0,0,0
A9175,0,0,0,0
A9173,0,0,0,0
A9174,0,0,0,0
A9177,0,0,0,0
A9172,0,0,0,0
A9176,0,0,0,0
A9171,0,0,0,0
A9178,0,0,0,0
A9180,0,0,0,0
A9183,0,0,0,0
A9215,0,0,0,0
A9223,0,0,0,0
A9213,0,0,0,0
A9186,0,0,0,0
A9195,0,0,0,0
A9224,0,0,0,0
A9218,0,0,0,0
A9216,0,0,0,0
A9184,0,0,0,0
A9211,0,0,0,0
A9207,0,0,0,0
A9202,0,0,0,0
A9185,0,0,0,0
A9203,0,0,0,0
A9189,0,0,0,0
A9193,0,0,0,0
A9222,0,0,0,0
A9191,0,0,0,0
A9209,0,0,0,0
A9212,0,0,0,0
A9228,0,0,0,0
A9227,0,0,0,0
A9201,0,0,0,0
A9217,0,0,0,0
A9206,0,0,0,0
A9197,0,0,0,0
A9220,0,0,0,0
A9204,0,0,0,0
A9205,0,0,0,0
A9196,0,0,0,0
A9187,0,0,0,0
A9194,0,0,0,0
A9226,0,0,0,0
A9200,0,0,0,0
A9221,0,0,0,0
A9198,0,0,0,0
A9210,0,0,0,0
A9199,0,0,0,0
A9190,0,0,0,0
A9219,0,0,0,0
A9188,0,0,0,0
A9214,0,0,0,0
A9225,0,0,0,0
A9192,0,0,0,0
A9237,0,0,0,0
A9245,0,0,0,0
A9246,0,0,0,0
A9233,0,0,0,0
A9235,0,0,0,0
A9244,0,0,0,0
A9236,0,0,0,0
A9243,0,0,0,0
A9230,0,0,0,0
A9229,0,0,0,0
A9238,0,0,0,0
A9250,0,0,0,0
A9231,0,0,0,0
A9234,0,0,0,0
A9241,0,0,0,0
A9242,0,0,0,0
A9240,0,0,0,0
A9239,0,0,0,0
A9247,0,0,0,0
A9232,0,0,0,0
A9248,0,0,0,0
A9264,0,0,0,0
A9266,0,0,0,0
A9268,0,0,0,0
A9253,0,0,0,0
A9263,0,0,0,0
A9257,0,0,0,0
A9256,0,0,0,0
A9267,0,0,0,0
A9260,0,0,0,0
A9265,0,0,0,0
A9252,0,0,0,0
A9259,0,0,0,0
A9255,0,0,0,0
A9261,0,0,0,0
A9254,0,0,0,0
A9258,0,0,0,0
A9262,0,0,0,0
A9283,0,0,0,0
A9299,0,0,0,0
A9269,0,0,0,0
A9279,0,0,0,0
A9300,0,0,0,0
A9306,0,0,0,0
A9277,0,0,0,0
A9276,0,0,0,0
A9275,0,0,0,0
A9278,0,0,0,0
A9281,0,0,0,0
A9295,0,0,0,0
A9296,0,0,0,0
A9307,0,0,0,0
A9292,0,0,0,0
A9294,0,0,0,0
A9314,0,0,0,0
A9286,0,0,0,0
A9270,0,0,0,0
A9271,0,0,0,0
A9285,0,0,0,0
A9297,0,0,0,0
A9315,0,0,0,0
A9284,0,0,0,0
A9289,0,0,0,0
A9310,0,0,0,0
A9282,0,0,0,0
A9290,0,0,0,0
A9298,0,0,0,0
A9301,0,0,0,0
A9312,0,0,0,0
A9291,0,0,0,0
A9317,0,0,0,0
A9311,0,0,0,0
A9288,0,0,0,0
A9305,0,0,0,0
A9273,0,0,0,0
A9280,0,0,0,0
A9309,0,0,0,0
A9287,0,0,0,0
A9303,0,0,0,0
A9274,0,0,0,0
A9293,0,0,0,0
A9313,0,0,0,0
A9333,0,0,0,0
A9318,0,0,0,0
A9320,0,0,0,0
A9326,0,0,0,0
A9327,0,0,0,0
A9323,0,0,0,0
A9322,0,0,0,0
A9330,0,0,0,0
A9319,0,0,0,0
A9331,0,0,0,0
A9328,0,0,0,0
A9321,0,0,0,0
A9325,0,0,0,0
A9324,0,0,0,0
A9362,0,0,0,0
A9340,0,0,0,0
A9357,0,0,0,0
A9342,0,0,0,0
A9345,0,0,0,0
A9347,0,0,0,0
A9361,0,0,0,0
A9343,0,0,0,0
A9360,0,0,0,0
A9346,0,0,0,0
A9364,0,0,0,0
A9349,0,0,0,0
A9344,0,0,0,0
A9338,0,0,0,0
A9356,0,0,0,0
A9350,0,0,0,0
A9337,0,0,0,0
A9363,0,0,0,0
A9358,0,0,0,0
A9355,0,0,0,0
A9365,0,0,0,0
A9336,0,0,0,0
A9352,0,0,0,0
A9339,0,0,0,0
A9354,0,0,0,0
A9351,0,0,0,0
A9334,0,0,0,0
A9359,0,0,0,0
A9385,0,0,0,0
A9371,0,0,0,0
A9390,0,0,0,0
A9381,0,0,0,0
A9394,0,0,0,0
A9396,0,0,0,0
A9400,0,0,0,0
A9384,0,0,0,0
A9375,0,0,0,0
A9392,0,0,0,0
A9368,0,0,0,0
A9398,0,0,0,0
A9369,0,0,0,0
A9407,0,0,0,0
A9370,0,0,0,0
A9401,0,0,0,0
A9386,0,0,0,0
A9383,0,0,0,0
A9372,0,0,0,0
A9376,0,0,0,0
A9378,0,0,0,0
A9393,0,0,0,0
A9373,0,0,0,0
A9367,0,0,0,0
A9399,0,0,0,0
A9380,0,0,0,0
A9387,0,0,0,0
A9389,0,0,0,0
A9404,0,0,0,0
A9374,0,0,0,0
A9391,0,0,0,0
A9408,0,0,0,0
A9388,0,0,0,0
A9395,0,0,0,0
A9382,0,0,0,0
A9377,0,0,0,0
A9366,0,0,0,0
A9403,0,0,0,0
A9402,0,0,0,0
A9379,0,0,0,0
A9413,0,0,0,0
A9414,0,0,0,0
A9415,0,0,0,0
A9410,0,0,0,0
A9417,0,0,0,0
A9418,0,0,0,0
A9412,0,0,0,0
A9416,0,0,0,0
A9409,0,0,0,0
A9423,0,0,0,0
A9426,0,0,0,0
A9421,0,0,0,0
A9428,0,0,0,0
A9431,0,0,0,0
A9429,0,0,0,0
A9432,0,0,0,0
A9433,0,0,0,0
A9425,0,0,0,0
A9424,0,0,0,0
A9435,0,0,0,0
A9422,0,0,0,0
A9419,0,0,0,0
A9430,0,0,0,0
A9427,0,0,0,0
A9434,0,0,0,0
A9472,0,0,0,0
A9461,0,0,0,0
A9444,0,0,0,0
A9452,0,0,0,0
A9481,0,0,0,0
A9475,0,0,0,0
A9474,0,0,0,0
A9486,0,0,0,0
A9446,0,0,0,0
A9480,0,0,0,0
A9451,0,0,0,0
A9442,0,0,0,0
A9445,0,0,0,0
A9441,0,0,0,0
A9478,0,0,0,0
A9465,0,0,0,0
A9440,0,0,0,0
A9469,0,0,0,0
A9437,0,0,0,0
A9468,0,0,0,0
A9460,0,0,0,0
A9447,0,0,0,0
A9457,0,0,0,0
A9484,0,0,0,0
A9438,0,0,0,0
A9459,0,0,0,0
A9458,0,0,0,0
A9436,0,0,0,0
A9482,0,0,0,0
A9487,0,0,0,0
A9456,0,0,0,0
A9448,0,0,0,0
A9439,0,0,0,0
A9449,0,0,0,0
A9471,0,0,0,0
A9443,0,0,0,0
A9454,0,0,0,0
A9473,0,0,0,0
A9470,0,0,0,0
A9463,0,0,0,0
A9485,0,0,0,0
A9464,0,0,0,0
A9462,0,0,0,0
A9483,0,0,0,0
A9455,0,0,0,0
A9498,0,0,0,0
A9492,0,0,0,0
A9496,0,0,0,0
A9488,0,0,0,0
A9493,0,0,0,0
A9497,0,0,0,0
A9499,0,0,0,0
A9490,0,0,0,0
A9491,0,0,0,0
A9495,0,0,0,0
A9494,0,0,0,0
A9489,0,0,0,0
A9501,0,0,0,0
A9509,0,0,0,0
A9504,0,0,0,0
A9515,0,0,0,0
A9525,0,0,0,0
A9522,0,0,0,0
A9523,0,0,0,0
A9526,0,0,0,0
A9512,0,0,0,0
A9517,0,0,0,0
A9527,0,0,0,0
A9513,0,0,0,0
A9518,0,0,0,0
A9530,0,0,0,0
A9524,0,0,0,0
A9528,0,0,0,0
A9505,0,0,0,0
A9508,0,0,0,0
A9507,0,0,0,0
A9511,0,0,0,0
A9529,0,0,0,0
A9500,0,0,0,0
A9510,0,0,0,0
A9520,0,0,0,0
A9519,0,0,0,0
A9503,0,0,0,0
A9506,0,0,0,0
A9514,0,0,0,0
A9558,0,0,0,0
A9562,0,0,0,0
A9550,0,0,0,0
A9564,0,0,0,0
A9582,0,0,0,0
A9586,0,0,0,0
A9547,0,0,0,0
A9534,0,0,0,0
A9551,0,0,0,0
A9548,0,0,0,0
A9535,0,0,0,0
A9557,0,0,0,0
A9545,0,0,0,0
A9581,0,0,0,0
A9542,0,0,0,0
A9536,0,0,0,0
A9532,0,0,0,0
A9553,0,0,0,0
A9540,0,0,0,0
A9546,0,0,0,0
A9537,0,0,0,0
A9579,0,0,0,0
A9583,0,0,0,0
A9544,0,0,0,0
A9555,0,0,0,0
A9568,0,0,0,0
A9584,0,0,0,0
A9580,0,0,0,0
A9575,0,0,0,0
A9565,0,0,0,0
A9569,0,0,0,0
A9533,0,0,0,0
A9554,0,0,0,0
A9561,0,0,0,0
A9549,0,0,0,0
A9556,0,0,0,0
A9573,0,0,0,0
A9566,0,0,0,0
A9559,0,0,0,0
A9538,0,0,0,0
A9570,0,0,0,0
A9543,0,0,0,0
A9541,0,0,0,0
A9574,0,0,0,0
A9563,0,0,0,0
A9560,0,0,0,0
A9577,0,0,0,0
A9552,0,0,0,0
A9567,0,0,0,0
A9587,0,0,0,0
A9539,0,0,0,0
A9572,0,0,0,0
A9589,0,0,0,0
A9606,0,0,0,0
A9590,0,0,0,0
A9599,0,0,0,0
A9595,0,0,0,0
A9588,0,0,0,0
A9604,0,0,0,0
A9608,0,0,0,0
A9596,0,0,0,0
A9598,0,0,0,0
A9591,0,0,0,0
A9594,0,0,0,0
A9605,0,0,0,0
A9602,0,0,0,0
A9597,0,0,0,0
A9601,0,0,0,0
A9607,0,0,0,0
A9603,0,0,0,0
A9593,0,0,0,0
A9600,0,0,0,0
A7841,0,0,0,0
A7916,0,0,0,0
A7888,0,0,0,0
A7944,0,0,0,0
A7983,0,0,0,0
A8047,0,0,0,0
A8209,0,0,0,0
A8215,0,0,0,0
A8289,0,0,0,0
A8358,0,0,0,0
A8478,0,0,0,0
A8533,0,0,0,0
A8556,0,0,0,0
A8585,0,0,0,0
A8644,0,0,0,0
A8613,0,0,0,0
A8719,0,0,0,0
A8823,0,0,0,0
A8960,0,0,0,0
A8944,0,0,0,0
A9058,0,0,0,0
A9020,0,0,0,0
A9040,0,0,0,0
A9116,0,0,0,0
A9133,0,0,0,0
A9179,0,0,0,0
A9208,0,0,0,0
A9308,0,0,0,0
A9302,0,0,0,0
A9332,0,0,0,0
A9329,0,0,0,0
A9348,0,0,0,0
A9335,0,0,0,0
A9353,0,0,0,0
A9477,0,0,0,0
A9476,0,0,0,0
A9479,0,0,0,0
A9502,0,0,0,0
